Images,Workers,Method,Time
50,1,Multiprocessing,5.319712162017822
50,1,CF (Process),5.169467210769653
50,1,CF (Thread),4.742841720581055
50,2,Multiprocessing,3.06097149848938
50,2,CF (Process),2.8252787590026855
50,2,CF (Thread),4.545933723449707
50,4,Multiprocessing,1.8010611534118652
50,4,CF (Process),1.7446296215057373
50,4,CF (Thread),4.510381460189819
50,8,Multiprocessing,1.4273707866668701
50,8,CF (Process),1.4690132141113281
50,8,CF (Thread),4.5059919357299805
