Workers,Time,Speedup
1,16.116243839263916,1.0
2,9.17023515701294,1.757451533501735
4,7.7092649936676025,2.090503290845731
8,7.931129217147827,2.032023864195671
12,7.958202362060547,2.025111087410333
