Cores,Time,Speedup
1,7.548029661178589,1.0
2,4.8419482707977295,1.5588827552540172
4,3.531830310821533,2.137143916017543
8,3.297555685043335,2.288977164332373
12,3.3472399711608887,2.2550010534681753
